{
  "shoulder_pan": 26.761951700344994,
  "shoulder_lift": -28.08349146110058,
  "elbow_flex": 75.69620253164558,
  "wrist_flex": 100.0,
  "wrist_roll": 24.442538593482,
  "gripper": 46.895640686922064
}