{
  "shoulder_pan.pos": -29.423361261705267,
  "shoulder_lift.pos": -98.86148007590133,
  "elbow_flex.pos": 99.49367088607596,
  "wrist_flex.pos": 100.0,
  "wrist_roll.pos": -10.548885077186966,
  "gripper.pos": 3.4346103038309117
}