{
  "shoulder_pan": 57.91030064070969,
  "shoulder_lift": -45.06641366223909,
  "elbow_flex": 26.683544303797476,
  "wrist_flex": 100.0,
  "wrist_roll": 9.09090909090908,
  "gripper": 53.5006605019815
}