{
  "shoulder_pan": 27.05766387382947,
  "shoulder_lift": -27.32447817836811,
  "elbow_flex": 2.48101265822784,
  "wrist_flex": 100.0,
  "wrist_roll": 24.69982847341339,
  "gripper": 46.895640686922064
}