{
  "shoulder_pan": 42.63183834401184,
  "shoulder_lift": -36.053130929791266,
  "elbow_flex": 14.430379746835456,
  "wrist_flex": 100.0,
  "wrist_roll": 16.895368782161228,
  "gripper": 50.06605019815059
}