{
  "shoulder_pan": 11.680630852636781,
  "shoulder_lift": -18.121442125237195,
  "elbow_flex": 66.8860759493671,
  "wrist_flex": 100.0,
  "wrist_roll": 32.16123499142367,
  "gripper": 43.46103038309115
}